parent_agency,agency,record_count,last_updated
Department of Agriculture,Department of Agriculture,675,04/24/2017
Department of Agriculture,Agricultural Marketing Service,43,03/10/2017
Department of Agriculture,Agricultural Marketing Service Department of Agriculture,42,03/10/2017
Department of Agriculture,Agricultural Research Service,12,04/07/2017
Department of Agriculture,Agricultural Research Service Department of Agriculture,43,04/07/2017
Department of Agriculture,Animal and Plant Health Inspection Service,1,02/07/2017
Department of Agriculture,Animal and Plant Health Inspection Service Department of Agriculture,2,02/07/2017
Department of Agriculture,Department of Agriculture,5,04/24/2017
Department of Agriculture,Department of Agriculture OCIO,2,02/07/2017
Department of Agriculture,Department/Agency level/No publisher,3,02/07/2017
Department of Agriculture,Departmental Management Department of Agriculture,1,02/07/2017
Department of Agriculture,Economic Research Service Department of Agriculture,39,04/07/2017
Department of Agriculture,Economic Research Service U.S. Department of Agriculture,52,04/07/2017
Department of Agriculture,Economic Research Service US Department of Agriculture,1,04/07/2017
Department of Agriculture,Farm Service Agency,22,08/30/2016
Department of Agriculture,Farm Service Agency Department of Agriculture,85,02/07/2017
Department of Agriculture,Federal Grain Inspection Service,1,02/07/2017
Department of Agriculture,Food and Nutrition Service,105,04/07/2017
Department of Agriculture,Food and Nutrition Service Department of Agriculture,11,03/10/2017
Department of Agriculture,Food Safety and Inspection Service,4,02/07/2017
Department of Agriculture,Food Safety and Inspection Service Department of Agriculture,1,02/07/2017
Department of Agriculture,Food Safety and Inspection Service United States Department of Agriculture,1,02/07/2017
Department of Agriculture,Food Safety Inspection Service,1,02/07/2017
Department of Agriculture,Foreign Agricultural Service,1,02/07/2017
Department of Agriculture,Foreign Agricultural Service Department of Agriculture,10,02/07/2017
Department of Agriculture,National Agricultural Statistics Service Department of Agriculture,6,04/07/2017
Department of Agriculture,National Appeals Division Department of Agriculture,1,02/07/2017
Department of Agriculture,National Institute of Food and Agriculture Department of Agriculture,1,02/07/2017
Department of Agriculture,Natural Resources Conservation Service Colorado State University,1,02/07/2017
Department of Agriculture,NRCS,29,03/10/2017
Department of Agriculture,Office of Chief Information Officer,4,02/07/2017
Department of Agriculture,Packers and Stockyards Program,1,02/07/2017
Department of Agriculture,Packers and Stockyards Programs,2,02/07/2017
Department of Agriculture,Rural Development Department of Agriculture,39,04/07/2017
Department of Agriculture,U. S. Department of Agriculture,7,04/07/2017
Department of Agriculture,United States Department of Agriculture,2,02/07/2017
Department of Agriculture,US Forest Service Department of Agriculture,88,04/24/2017
Department of Agriculture,USDA Economic Research Service,1,02/07/2017
Department of Agriculture,USDA-GIPSA,5,02/07/2017
Department of Commerce,Department of Commerce,73167,05/20/2017
Department of Commerce,(),2,-
Department of Commerce,(Point of Contact),12,02/16/2017
Department of Commerce,(Point of Contact); Penn State University (Principal Investigator); Temple University College of Science and Technology (Principal Investigator),1,02/26/2016
Department of Commerce,(Principal Investigator),34,02/16/2017
Department of Commerce,(Principal Investigator); Alfred Wegener Institute (Principal Investigator); National Snow and Ice Data Center (Point of Contact),1,02/26/2016
Department of Commerce,(Principal Investigator); Arctic and Antarctic Research Institute (Principal Investigator);  MeteorologyArctic and Antarctic Research Institute (Principal Investigator); National Snow and Ice Data Center (Point of Contact),1,02/26/2016
Department of Commerce,(Principal Investigator); Delft Univerisyt of Technology (Principal Investigator); National Snow and Ice Data Center (Point of Contact),1,02/26/2016
Department of Commerce,(Principal Investigator); International Association for the Environmental Communication (Principal Investigator); National Snow and Ice Data Center (Point of Contact),1,02/26/2016
Department of Commerce,(Principal Investigator); Joint Institute for the Study of the Atmospheres and the Oceans (Principal Investigator); NOAA/Pacific Marine Environmental Laboratory (Principal Investigator),1,02/26/2016
Department of Commerce,(Principal Investigator); NASA Goddard Space Flight Center (Principal Investigator); National Snow and Ice Data Center (Point of Contact Principal Investigator),1,02/26/2016
Department of Commerce,(Principal Investigator); National Snow and Ice Data Center (Point of Contact),6,02/16/2017
Department of Commerce,(Principal Investigator); National Snow and Ice Data Center (Point of Contact); Alfred Wegener Institute for Polar and Marine Research (Principal Investigator),1,02/26/2016
Department of Commerce,(Principal Investigator); National Snow and Ice Data Center (Point of Contact); University of Wisconsin-Madison (Principal Investigator),1,02/26/2016
Department of Commerce,(Principal Investigator); Polar Science Center (Principal Investigator); National Snow and Ice Data Center (Point of Contact),1,02/26/2016
Department of Commerce,(Principal Investigator); U.S. Geological Survey (Principal Investigator); National Snow and Ice Data Center (Point of Contact),1,02/26/2016
Department of Commerce,(Principal Investigator Originator),3,02/26/2016
Department of Commerce,(Principal Investigator Point of Contact Originator),1,02/26/2016
Department of Commerce,Bureau of Economic Analysis,10,12/06/2016
Department of Commerce,Bureau of Industry and Security Department of Commerce,2,12/06/2016
Department of Commerce,Canadian Ice Service (Principal Investigator); National Snow and Ice Data Center (Point of Contact),1,02/26/2016
Department of Commerce,Carnegie Institute of Washington (Principal Investigator); National Snow and Ice Data Center (Point of Contact),1,02/26/2016
Department of Commerce,Climate Prediction Center National Centers for Environmental Prediction National Weather Service NOAA U.S. Department of Commerce (Point of Contact),1,02/26/2016
Department of Commerce,Climate Prediction Center NOAA (Point of Contact),84,02/26/2016
Department of Commerce,Columbia University Lamont-Doherty Earth Observatory (LDEO) Lamont-Doherty Core Repository (LDCR) (Point of Contact),1,02/26/2016
Department of Commerce,Denver Federal Center (Principal Investigator); National Snow and Ice Data Center (Principal Investigator Point of Contact),1,02/26/2016
Department of Commerce,Department of Agriculture and Board of Trustees of Michigan State University,1,08/14/2015
Department of Commerce,Department of Commerce,21,05/13/2017
Department of Commerce,Department/Agency level/No publisher,2,02/26/2016
Department of Commerce,DOC/NOAA/NESDIS/NCDC > National Climatic Data Center NESDIS NOAA U.S. Department of Commerce (Point of Contact),3,02/26/2016
Department of Commerce,DOC/NOAA/NESDIS/NCEI > National Centers for Environmental Information NESDIS NOAA U.S. Department of Commerce (Point of Contact),482,02/16/2017
Department of Commerce,DOC/NOAA/NESDIS/NCEI > National Centers for Environmental Information NESDIS NOAA U.S. Department of Commerce (Point of Contact); STAR > Center for Satellite Applications and Research (Point of Contact),1,02/26/2016
Department of Commerce,DOC/NOAA/NESDIS/NODC/NCDDC> National Coastal Data Development Center (Custodian),12,02/26/2016
Department of Commerce,DOC/NOAA/NMFS/AFSC > Alaska Fisheries Science Center (Principal Investigator),2,02/26/2016
Department of Commerce,Florida State University (FSU) Antarctic Marine Geology Research Facility (AMGRF) (Originator Point of Contact),1,02/26/2016
Department of Commerce,HUD,1,02/16/2017
Department of Commerce,IFREMER/CERSAT > Institut Francais de Recherche pour l’Exploitation de la Mer Center d’Exploitation et de Recherche Satellitaire (Point of Contact); DOC/NOAA/NESDIS/NCEI > National Centers for Environmental Information NESDIS NOAA U.S. Department of Commerce (Point of Contact),3,02/26/2016
Department of Commerce,International Trade Administration,8,05/13/2017
Department of Commerce,International Trade Administration Department of Commerce,29,05/13/2017
Department of Commerce,National Institute of Standards and Technology,144,05/13/2017
Department of Commerce,National Marine Mammal Laboratory (Point of Contact),1,02/26/2016
Department of Commerce,National Oceanic and Atmospheric Administration,4,02/26/2016
Department of Commerce,National Oceanic and Atmospheric Administration,70886,04/24/2017
Department of Commerce,National Snow and Ice Data Center (Point of Contact),3,02/16/2017
Department of Commerce,National Snow and Ice Data Center (Point of Contact); National Weather Service (Principal Investigator),1,02/26/2016
Department of Commerce,National Snow and Ice Data Center (Point of Contact); US Department of Transportation Maritime Administration (Principal Investigator),1,02/26/2016
Department of Commerce,National Snow and Ice Data Center (Principal Investigator),1,02/16/2017
Department of Commerce,National Technical Information Service Department of Commerce,1,09/17/2015
Department of Commerce,National Telecommunication and Information Administration,2,09/17/2015
Department of Commerce,National Telecommunication and Information Administration Department of Commerce,30,09/17/2015
Department of Commerce,National Weather Service Department of Commerce,11,09/01/2016
Department of Commerce,NOAA Fisheries Headquarters (Point of Contact),2,02/26/2016
Department of Commerce,NOAA NDBC NOAA NMFS SWFSC ERD (Point of Contact),1,02/26/2016
Department of Commerce,NOAA NODC (Point of Contact),1,02/16/2017
Department of Commerce,NOAA Office for Coastal Management (OCM) (Point of Contact),1,02/26/2016
Department of Commerce,NOAA Office for Coastal Management (Point of Contact),8,02/26/2016
Department of Commerce,NOAA/Great Lakes Environmental Research Laboratory (Point of Contact),1,02/16/2017
Department of Commerce,NOAA/NESDIS/NCEI – National Centers for Environmental Information (Point of Contact),7,02/16/2017
Department of Commerce,NOAA/NESDIS/NGDC – National Geophysical Data Center (Point of Contact),2,02/26/2016
Department of Commerce,NOAA/NESDIS/NODC/NCDDC — National Coastal Data Development Center (Point of Contact),2,02/26/2016
Department of Commerce,NOAA/NESDIS/NODC/NCDDC-National Coastal Data Development Center (Point of Contact),290,02/26/2016
Department of Commerce,NOAA/NMFS/OHC/HPD (Point of Contact),1,02/26/2016
Department of Commerce,North American Submarine Cable Association (NASCA) (Point of Contact),1,02/26/2016
Department of Commerce,OFFICE OF  INSPECTOR GENERAL,1,02/16/2017
Department of Commerce,OFFICE OF INSPECTOR GENERAL,1,02/16/2017
Department of Commerce,Office of Inspector General,52,02/16/2017
Department of Commerce,Office of Spectrum Management,1,02/26/2016
Department of Commerce,Office of the Inspector General,3,02/16/2017
Department of Commerce,Officer of Inspector General,1,02/16/2017
Department of Commerce,Officie of Inspector General,1,12/02/2015
Department of Commerce,Oregon State University (OSU) College of Earth Ocean and Atmospheric Sciences (CEOAS) Marine Geology Repository (MGR) (Originator Point of Contact),1,02/26/2016
Department of Commerce,Penn State University (Principal Investigator),1,02/26/2016
Department of Commerce,Southeast Fisheries Science Center (Point of Contact),1,02/26/2016
Department of Commerce,U.S. Census Bureau Department of Commerce,1,07/15/2016
Department of Commerce,U.S. Census Bureau U.S. Department of Commerce,1,07/15/2016
Department of Commerce,U.S. Department of Commerce,4,02/16/2017
Department of Commerce,UCO/LASP > Laboratory for Atmospheric and Space Physics University of Colorado (Point of Contact); DOC/NOAA/NESDIS/NCEI > National Centers for Environmental Information NESDIS NOAA U.S. Department of Commerce (Point of Contact),2,02/26/2016
Department of Commerce,University of Alaska at Fairbanks (Principal Investigator); University of Colorado at Boulder (Principal Investigator); National Snow and Ice Data Center (Point of Contact Principal Investigator),1,02/26/2016
Department of Commerce,University of California San Diego (UCSD) Scripps Institution of Oceanography (SIO) Geological Collections (Point of Contact),1,02/26/2016
Department of Commerce,University of Hawaii at Manoa Department of Geology and Geophysics (Point of Contact),1,02/26/2016
Department of Commerce,University of Illinois at Urbana-Champaign (Principal Investigator); Denver Botanic Gardens (Principal Investigator); National Snow and Ice Data Center (Point of Contact Principal Investigator),1,02/16/2017
Department of Commerce,University of Illinois at Urbana-Champaign (Principal Investigator); National Snow and Ice Data Center (Point of Contact),1,02/16/2017
Department of Commerce,University of Maryland,1,08/14/2015
Department of Commerce,University of Minnesota National Lacustrine Core Repository (LacCore) (Point of Contact),1,02/26/2016
Department of Commerce,University of Rhode Island (URI) Graduate School of Oceanography (GSO) Marine Geological Samples Laboratory (MGSL) (Point of Contact),1,02/26/2016
Department of Commerce,University of Washington (Principal Investigator); National Snow and Ice Data Center (Point of Contact),1,02/26/2016
Department of Commerce,US Census Burea Dept of Commerce,1,07/15/2016
Department of Commerce,US Census Bureau,686,05/20/2017
Department of Commerce,US Census Bureau,1,02/16/2017
Department of Commerce,US Census Bureau Department of Commerce,182,02/16/2017
Department of Commerce,US Census Bureau Dept of Commerce,6,02/16/2017
Department of Commerce,US Census Bureau US Department of Commerce,38,02/16/2017
Department of Commerce,US Patent and Trademark Office Department of Commerce,36,04/04/2017
Department of Commerce,Wisconsin Alumni Research Foundation,1,08/14/2015
Department of Defense,Department of Defense,178,01/19/2017
Department of Defense,Defense Commissary Agency,1,01/18/2017
Department of Defense,Defense Logistics Agency,4,01/18/2017
Department of Defense,Department of Defense,156,01/19/2017
Department of Defense,Department of Defense Inspector General,1,01/18/2017
Department of Defense,Department of the Air Force,1,01/18/2017
Department of Defense,Federal Voting Assistance Program,7,01/18/2017
Department of Defense,National Geospatial-Intelligence Agency,3,11/17/2015
Department of Defense,Office of the Secretary of Defense,2,01/18/2017
Department of Defense,US Army Corps of Engineers,3,01/19/2017
Department of Education,Department of Education,332,03/08/2017
Department of Education,Federal Student Aid,5,01/30/2017
Department of Education,Grants and Campus Based Division,1,01/30/2017
Department of Education,Institute of Museum and Library Services,14,01/30/2017
Department of Education,Nationa Center for Education Statistics,1,01/30/2017
Department of Education,National Center for Education Evaluation,1,01/30/2017
Department of Education,National Center for Education Evaluation and Regional Assistance,3,01/30/2017
Department of Education,National Center for Education Statistics,157,02/24/2017
Department of Education,National Center for Special Education Research,2,01/30/2017
Department of Education,Office for Civil Rights,8,03/08/2017
Department of Education,Office of Career Technical and Adult Education,6,01/30/2017
Department of Education,Office of Elementary and Secondary Education,19,03/08/2017
Department of Education,Office of Federal Student Aid,10,01/30/2017
Department of Education,Office of Innovation and Improvement,16,01/30/2017
Department of Education,Office of Language Acquisition,2,01/30/2017
Department of Education,Office of Migrant Education,2,01/30/2017
Department of Education,Office of Planning Evaluation and Policy Development,1,03/08/2017
Department of Education,Office of Postsecondary Education,10,02/24/2017
Department of Education,Office of Safe and Healthy Students,11,01/30/2017
Department of Education,Office of Special Education and Rehabilitative Services,2,03/08/2017
Department of Education,Office of Special Education Programs,25,03/08/2017
Department of Education,Office of the Chief Information Officer,5,01/30/2017
Department of Education,Office of Vocational and Adult Education,15,01/30/2017
Department of Education,Operations Performance Division,1,01/30/2017
Department of Education,Program Compliance School Participation Division,1,01/30/2017
Department of Education,U.S. Department of Education,14,01/30/2017
Department of Energy,Department of Energy,1459,05/20/2017
Department of Energy,AltaRock Energy Inc,10,11/30/2016
Department of Energy,Argonne National Laboratory,10,11/30/2016
Department of Energy,Arizona State Geological Survey,1,11/30/2016
Department of Energy,Arthur Mansure,1,11/30/2016
Department of Energy,ATLAS Geosciences Inc,2,11/30/2016
Department of Energy,Beowawe Power LLC,1,11/30/2016
Department of Energy,Bob Lawrence and Associates Inc.,1,11/30/2016
Department of Energy,Brookhaven National Laboratory,1,11/30/2016
Department of Energy,Carnegie Mellon University,1,11/30/2016
Department of Energy,Colorado School of Mines,1,11/30/2016
Department of Energy,Cornell University,13,04/13/2017
Department of Energy,Davenport Newberry Holdings LLC,4,02/23/2017
Department of Energy,Dehlsen Associates LLC,1,02/23/2017
Department of Energy,Department of Energy,9,05/20/2017
Department of Energy,Department of Energy Office of Legacy Management Technical Data Manager,1,05/20/2017
Department of Energy,Department/Agency level/No publisher,1,11/30/2016
Department of Energy,Dept. of Geological Sciences University of Oregon,2,11/30/2016
Department of Energy,District Energy Corporation,3,11/30/2016
Department of Energy,DOE,29,05/20/2017
Department of Energy,DOE Argonne National Laboratory,1,06/15/2016
Department of Energy,DOE ARPA-E,2,05/07/2016
Department of Energy,DOE Congressional and Intergovernmental Affairs,2,10/10/2015
Department of Energy,DOE Electricity Delivery and Energy Reliability,2,05/20/2017
Department of Energy,DOE Energy Policy and Systems Analysis,2,09/01/2016
Department of Energy,DOE General Counsel,3,05/20/2017
Department of Energy,DOE Indian Energy Policy and Programs,1,10/10/2015
Department of Energy,DOE Inspector General,1,05/20/2017
Department of Energy,DOE Intelligence and Counterintelligence,1,05/07/2016
Department of Energy,DOE International Affairs,1,05/20/2017
Department of Energy,DOE Loan Programs Office,2,05/20/2017
Department of Energy,DOE National Renewable Energy Laboratory,9,05/20/2017
Department of Energy,DOE Nuclear Energy,1,05/20/2017
Department of Energy,DOE Oak Ridge National Laboratory,2,04/24/2017
Department of Energy,DOE Offfice of General Council,2,11/25/2015
Department of Energy,DOE Office of Chief Financial Officer,1,10/10/2015
Department of Energy,DOE Office of Chief Human Capital Officer,1,10/10/2015
Department of Energy,DOE Office of Chief Information Officer,2,05/20/2017
Department of Energy,DOE Office of Energy Efficiency and Renewable Energy,3,05/20/2017
Department of Energy,DOE Office of Legacy Management,4,05/20/2017
Department of Energy,DOE Office of Nuclear Energy,2,05/20/2017
Department of Energy,DOE Office of Science,1,05/20/2017
Department of Energy,DOE Office of Science and Technical Information,1,05/20/2017
Department of Energy,DOE Office of Scientific and Technical Information,5,05/20/2017
Department of Energy,DOE Public Affairs,1,05/20/2017
Department of Energy,DOE Small and Disadvantaged Business Utilization,1,05/07/2016
Department of Energy,DOE/Environmental Management Consolidated Business Center,1,10/10/2015
Department of Energy,DOE/Oak Ridge National Laboratory,1,04/24/2017
Department of Energy,DOE/Office of Environmental Management,6,05/20/2017
Department of Energy,DOE/Office of Fossil Energy,5,05/20/2017
Department of Energy,DOE/Office of Hearings and Appeals,1,05/20/2017
Department of Energy,DOE/Richland Operations and the Office of River Protection,2,10/10/2015
Department of Energy,ElectraTherm Inc.,16,11/30/2016
Department of Energy,Energy & Geoscience Institute at the University of Utah,29,04/03/2017
Department of Energy,Flint Geothermal LLC,48,11/30/2016
Department of Energy,Gas Equipment Engineering Corporation,1,02/23/2017
Department of Energy,GE Global Research,2,02/27/2017
Department of Energy,Georgia Tech Research Corpration,1,02/23/2017
Department of Energy,Geothermal Resource Group on behalf of the City of Akutan,1,04/10/2017
Department of Energy,Geothermal Technical Partners Inc.,7,11/30/2016
Department of Energy,Geysers Power Company LLC,1,11/30/2016
Department of Energy,Hattenburg Dilley and Linnell,9,11/30/2016
Department of Energy,Honeywell International Inc.,1,11/30/2016
Department of Energy,Idaho National Laboratory,12,04/25/2017
Department of Energy,Impact Technologies LLC,3,02/23/2017
Department of Energy,Lawrence Berkeley National Laboratory,9,11/30/2016
Department of Energy,Lawrence Livermore National Laboratory,39,05/09/2017
Department of Energy,Los Alamos National Laboratory,3,11/30/2016
Department of Energy,National Energy Technology Laboratory,9,05/20/2017
Department of Energy,National Energy Technology Laboratory (NETL),5,11/30/2016
Department of Energy,National Nuclear Security Administration,11,11/14/2016
Department of Energy,National Nuclear Security Administration/LANL,1,10/10/2015
Department of Energy,National Nuclear Security Administration/SNL,1,10/10/2015
Department of Energy,National Renewable Energy Laboratory,532,05/20/2017
Department of Energy,Nevada Bureau of Mines and Geology,4,11/30/2016
Department of Energy,Nevada Geothermal Power Company,1,05/04/2016
Department of Energy,New Mexico Bureau of Geology and Mineral Resources,6,11/30/2016
Department of Energy,New Mexico Institute of Mining and Technology,2,11/30/2016
Department of Energy,Newberry Geothermal Holdings LLC,1,02/23/2017
Department of Energy,None,2,03/12/2017
Department of Energy,Northwest Energy Innovations,1,05/04/2017
Department of Energy,Northwest National Marine Renewable Energy Center,7,03/20/2017
Department of Energy,Northwest National Marine Renewable Energy Center (OSU),1,02/23/2017
Department of Energy,Northwest National Marine renewable Energy Center (UW),5,02/23/2017
Department of Energy,NREL,1,05/04/2016
Department of Energy,Oak Ridge National Laboratory,17,04/24/2017
Department of Energy,Ocean Renewable Power Company,3,02/23/2017
Department of Energy,Office of Civil Rights,1,12/05/2016
Department of Energy,Office of Economic Impact and Diversity,1,12/05/2016
Department of Energy,Office of Energy Efficiency & Renewable Energy (EERE),62,04/03/2017
Department of Energy,Office of Information Resources,1,05/20/2017
Department of Energy,Office of Small and Disadvantaged Business Utilization (OSDBU),4,01/19/2017
Department of Energy,Oregon State University,5,02/23/2017
Department of Energy,Ormat Nevada Inc,17,04/13/2017
Department of Energy,Oski Energy LLC,12,05/09/2017
Department of Energy,Pacific Northwest National Laboratory,15,02/10/2017
Department of Energy,Ram Power Inc.,3,11/30/2016
Department of Energy,Regents of the University University of California,1,11/30/2016
Department of Energy,Resolute Marine Energy Inc.,2,05/09/2017
Department of Energy,Sandia National Laboratories,64,05/10/2017
Department of Energy,Simbol Inc,1,11/30/2016
Department of Energy,SmartGrid.gov,2,05/20/2016
Department of Energy,SMU Geothermal Laboratory,1,11/30/2016
Department of Energy,Southern Research,1,04/05/2017
Department of Energy,Southern Research Institute,5,04/05/2017
Department of Energy,Terra-Gen Sierra Holdings LLC,24,11/30/2016
Department of Energy,Trabits Group LLC,1,01/19/2017
Department of Energy,Tusaar Corp.,19,11/30/2016
Department of Energy,U.S. Department of Energy (DOE),10,05/20/2017
Department of Energy,U.S. Energy Information Administration,83,05/20/2017
Department of Energy,U.S. Geothermal Inc.,1,11/30/2016
Department of Energy,U.S. Office of Technology Transitions,1,11/17/2015
Department of Energy,United States Geological Survey,3,11/30/2016
Department of Energy,University of Alaska Fairbanks,1,02/23/2017
Department of Energy,University of California Davis,13,11/30/2016
Department of Energy,University of Hawaii,26,11/30/2016
Department of Energy,University of Massachusetts,1,02/23/2017
Department of Energy,University of Nevada,1,04/03/2017
Department of Energy,University of Nevada Reno,32,11/30/2016
Department of Energy,University of Utah,19,04/03/2017
Department of Energy,University of Washington,4,02/23/2017
Department of Energy,University of Washington (NNMREC),6,02/23/2017
Department of Energy,University of Wisconsin,37,04/20/2017
Department of Energy,University of Wisconsin – Madison,6,02/10/2017
Department of Energy,Utah State University,11,11/30/2016
Department of Energy,Washington Division of Geology and Earth Resources,1,11/30/2016
Department of Energy,Wind Powering America,1,08/21/2015
Department of Energy,Wright State University,6,11/30/2016
Department of Health and Human Services,Department of Health and Human Services,1839,05/19/2017
Department of Health and Human Services,Administration for Children and Families,5,04/29/2017
Department of Health and Human Services,Administration for Children and Families Department of Health & Human Services,2,04/29/2017
Department of Health and Human Services,Centers for Disease Control and Prevention,497,05/19/2017
Department of Health and Human Services,Centers for Disease Control and Prevention Department of Health & Human Services,48,05/19/2017
Department of Health and Human Services,Centers for Medicare & Medicaid Services,616,05/19/2017
Department of Health and Human Services,Centers for Medicare & Medicaid Services Department of Health & Human Services,4,04/17/2017
Department of Health and Human Services,Centers for Medicare and Medicaid Services,1,01/12/2014
Department of Health and Human Services,Department of Health & Human Services,415,05/19/2017
Department of Health and Human Services,Department/Agency level/No publisher,25,05/19/2017
Department of Health and Human Services,Health Resources and Services Administration Department of Health & Human Services,8,04/17/2017
Department of Health and Human Services,National Institutes of Health,2,06/17/2014
Department of Health and Human Services,National Institutes of Health (NIH),53,04/17/2017
Department of Health and Human Services,National Library of Medicine (NLM),44,04/17/2017
Department of Health and Human Services,Office of Inspector General,1,04/17/2017
Department of Health and Human Services,Office of the National Coordinator for Health Information Technology Department of Health & Human Services,2,04/17/2017
Department of Health and Human Services,Substance Abuse & Mental Health Services Administration,112,04/17/2017
Department of Health and Human Services,Substance Abuse and Mental Health Services Administration,1,01/12/2014
Department of Health and Human Services,U.S. Food and Drug Administration Department of Health & Human Services,3,04/17/2017
Department of Homeland Security,Department of Homeland Security,8661,11/18/2016
Department of Homeland Security,Citizenship and Immigration Services United States,23,11/18/2016
Department of Homeland Security,Coast Guard United States,53,11/18/2016
Department of Homeland Security,Department/Agency level/No publisher,2,05/27/2016
Department of Homeland Security,Federal Emergency Management Agency,59,11/18/2016
Department of Homeland Security,Federal Emergency Management Agency,8109,11/23/2015
Department of Homeland Security,Health Affairs Office of,2,05/17/2016
Department of Homeland Security,Immigration and Customs Enforcement United States,9,11/18/2016
Department of Homeland Security,National Protection and Programs Directorate,1,11/18/2016
Department of Homeland Security,Secret Service United States,1,11/24/2015
Department of Homeland Security,Transportation Security Administration,15,11/18/2016
Department of Homeland Security,U.S. Customs and Border Protection,30,11/18/2016
Department of Homeland Security,Under Secretary / Management,357,11/18/2016
Department of Housing and Urban Development,Department of Housing and Urban Development,173,04/25/2017
Department of Housing and Urban Development,US Bureau of the Census,1,03/08/2017
Department of Housing and Urban Development,US Department of Housing and Urban Development,172,04/25/2017
Department of Justice,Department of Justice,1058,03/01/2017
Department of Justice,ATR – Antitrust Division U.S. Department of Justice,5,03/01/2017
Department of Justice,BJS – Bureau of Justice Statistics,713,03/01/2017
Department of Justice,CIV – Civil Division,3,03/01/2017
Department of Justice,CRT – Civil Rights Division,49,03/01/2017
Department of Justice,DEA – Drug Enforcement Administration,151,03/01/2017
Department of Justice,ENRD – Environment and Natural Resources Division,1,03/01/2017
Department of Justice,EOIR – Executive Office for Immigration Review,5,03/01/2017
Department of Justice,EOUSA – Executive Office for United States Attorneys,1,03/01/2017
Department of Justice,FBI – Federal Bureau of Investigation,47,03/01/2017
Department of Justice,FPI – Federal Prisons Industries,1,03/01/2017
Department of Justice,NIJ – National Institute of Justice,50,03/01/2017
Department of Justice,OJJDP – Office of Juvenile Justice and Delinquency Prevention,12,03/01/2017
Department of Justice,OJP – Office of Justice Programs,2,03/01/2017
Department of Justice,PPS – Performance Management,1,03/01/2017
Department of Justice,PPS – Policy Planning and Strategy,4,03/01/2017
Department of Justice,United States Department of Justice. Office of Justice Programs. National Institute of Justice,2,04/11/2014
Department of Justice,USMS – United States Marshals Service,1,03/01/2017
Department of Justice,USTP – U.S. Trustee Program,10,03/01/2017
Department of Labor,Department of Labor,396,03/08/2017
Department of Labor,Department/Agency level/No publisher,8,01/11/2017
Department of Labor,Employee Benefits Security Administration,5,01/11/2017
Department of Labor,U.S. Department of Labor Benefits.gov Program,21,03/01/2017
Department of Labor,U.S. Department of Labor Bureau of International Labor Affairs,16,03/01/2017
Department of Labor,U.S. Department of Labor Bureau of Labor Statistics,146,03/08/2017
Department of Labor,U.S. Department of Labor Chief Economist’s Office,1,01/11/2017
Department of Labor,U.S. Department of Labor Employee Benefits Security Administration,1,01/11/2017
Department of Labor,U.S. Department of Labor Employment and Training Administration,56,03/01/2017
Department of Labor,U.S. Department of Labor Mine Safety and Health Administration,22,03/01/2017
Department of Labor,U.S. Department of Labor Occupational Safety and Health Administration,21,03/01/2017
Department of Labor,U.S. Department of Labor Office of Federal Contract Compliance Programs,2,03/01/2017
Department of Labor,U.S. Department of Labor Office of Job Corps,4,03/01/2017
Department of Labor,U.S. Department of Labor Office of Labor-Management Standards,1,03/01/2017
Department of Labor,U.S. Department of Labor Office of Public Affairs,24,03/01/2017
Department of Labor,U.S. Department of Labor Office of the Assistant Secretary for Policy,1,03/01/2017
Department of Labor,U.S. Department of Labor Office of the Solicitor,10,03/01/2017
Department of Labor,U.S. Department of Labor Office of Worker’s Compensation Program,1,03/01/2017
Department of Labor,U.S. Department of Labor Office of Workers’ Compensation Program,11,03/01/2017
Department of Labor,U.S. Department of Labor Wage and Hour Division,10,03/01/2017
Department of Labor,U.S. Department of Labor Bureau of Labor Statistics,32,03/08/2017
Department of Labor,Wage and Hour Division,3,03/01/2017
Department of State,Department of State,119,04/23/2016
Department of State,Department/Agency level/No publisher,11,12/16/2015
Department of State,U.S. Department of State,108,04/23/2016
Department of the Interior,Department of the Interior,39457,05/21/2017
Department of the Interior,Bureau of Indian Affairs,1,04/10/2014
Department of the Interior,Bureau of Indian Education,1,01/12/2014
Department of the Interior,Bureau of Land Management,95,09/01/2016
Department of the Interior,Bureau of Ocean Energy Management,95,05/18/2017
Department of the Interior,Department/Agency level/No publisher,5,09/01/2016
Department of the Interior,Federal Geographic Data Committee,13,08/02/2016
Department of the Interior,Haskell Indian Nations University,1,04/10/2014
Department of the Interior,National Park Service,1417,04/24/2017
Department of the Interior,Office of Hearings and Appeals,1,01/12/2014
Department of the Interior,Office of the Solicitor,1,01/12/2014
Department of the Interior,Southwestern Indian Polytechnic Institute,1,04/10/2014
Department of the Interior,U.S. Geological Survey,6475,05/21/2017
Department of the Interior,US Bureau of Reclamation,14,03/02/2017
Department of the Interior,US Fish and Wildlife Service,31337,05/20/2017
Department of the Treasury,Department of the Treasury,262,05/19/2017
Department of the Treasury,Bureau of Engraving and Printing,1,03/29/2016
Department of the Treasury,Bureau of the Fiscal Service,81,05/19/2017
Department of the Treasury,Community Development Financial Institutions,2,03/29/2016
Department of the Treasury,Community Development Financial Institutions Fund,1,03/29/2016
Department of the Treasury,Council of the Inspector Generals,1,05/19/2017
Department of the Treasury,Department of Justice,1,05/19/2017
Department of the Treasury,Department of the Treasury,66,05/19/2017
Department of the Treasury,Federal Reserve Bank of New York,1,03/29/2016
Department of the Treasury,Financial Crimes Enforcement Network,5,05/19/2017
Department of the Treasury,Information Technology,1,05/19/2017
Department of the Treasury,IRS Research Analysis and Statistics (RAS) Statistics of Income(SOI),7,08/19/2016
Department of the Treasury,OCC Public Affair Operations,5,03/29/2016
Department of the Treasury,OCC Public Affairs Operations,1,03/29/2016
Department of the Treasury,Office of Audit,5,05/19/2017
Department of the Treasury,Office of Communications,2,05/19/2017
Department of the Treasury,Office of Debt Management,9,05/19/2017
Department of the Treasury,Office of Financial Stability,2,03/29/2016
Department of the Treasury,Office of Foreign Assets Control,1,11/17/2016
Department of the Treasury,Office of IG,2,05/19/2017
Department of the Treasury,Office of Inspections and Evaluations,1,05/19/2017
Department of the Treasury,Office of Investigations,2,05/19/2017
Department of the Treasury,Office of Mission Support,4,05/19/2017
Department of the Treasury,Office of Privacy Transparency and Records,1,03/29/2016
Department of the Treasury,TIGTA,1,05/19/2017
Department of the Treasury,TTB,54,05/19/2017
Department of the Treasury,United States Mint Financial Department (CFO),1,05/19/2017
Department of the Treasury,United States Mint Sales and Marketing (SAM) Department,3,05/19/2017
Department of the Treasury,United States Mint. Sales and Marketing (SAM) Department,1,05/19/2017
Department of Transportation,Department of Transportation,832,04/11/2017
Department of Transportation,Department/Agency level/No publisher,153,04/11/2017
Department of Transportation,Federal Aviation Administration,341,03/01/2017
Department of Transportation,Federal Highway Administration,42,03/01/2017
Department of Transportation,Federal Motor Carrier Safety Administration,48,03/01/2017
Department of Transportation,Federal Railroad Administration,25,03/01/2017
Department of Transportation,Federal Transit Administration,11,11/30/2016
Department of Transportation,Maritime Administration,20,03/01/2017
Department of Transportation,National Highway Traffic Safety Administration,52,03/01/2017
Department of Transportation,Office of the Inspector General,3,03/01/2017
Department of Transportation,Office of the Secretary of Transportation,55,03/01/2017
Department of Transportation,Pipeline and Hazardous Materials Safety Administration,16,09/08/2016
Department of Transportation,Research and Innovative Technology Administration,33,03/01/2017
Department of Transportation,Saint Lawrence Seaway Development Corporation,12,03/01/2017
Department of Transportation,Surface Transportation Board,21,03/01/2017
Department of Veterans Affairs,Department of Veterans Affairs,827,05/20/2017
Department of Veterans Affairs,Department of Veteans Affairs,1,05/20/2017
Department of Veterans Affairs,Department of Veteran Affairs,1,05/20/2017
Department of Veterans Affairs,Department of Veterans Afairs,1,05/20/2017
Department of Veterans Affairs,Department of Veterans Affair,1,05/20/2017
Department of Veterans Affairs,Department of Veterans Affairs,814,05/20/2017
Department of Veterans Affairs,Department of veterans affairs,1,05/20/2017
Department of Veterans Affairs,Environmental Protection Agency,1,05/20/2017
Department of Veterans Affairs,Office of General Counsel,6,05/20/2017
Department of Veterans Affairs,Office of Management,1,05/20/2017
Environmental Protection Agency,Environmental Protection Agency,2314,05/20/2017
Environmental Protection Agency,Air Protection Division,1,03/14/2017
Environmental Protection Agency,Department/Agency level/No publisher,1622,05/20/2017
Environmental Protection Agency,Environmental Protection Agency,7,05/18/2017
Environmental Protection Agency,Land and Chemicals Division,1,08/10/2016
Environmental Protection Agency,U.S. Environmental Protection Agency,69,05/20/2017
Environmental Protection Agency,U.S. Environmental Protection Agency Office of Air and Radiation,1,05/03/2017
Environmental Protection Agency,U.S. Environmental Protection Agency Office of Environmental Information Office of Information Collection,3,05/05/2017
Environmental Protection Agency,U.S. Environmental Protection Agency Region 1,1,03/29/2017
Environmental Protection Agency,U.S. Environmental Protection Agency Region 4,10,03/29/2017
Environmental Protection Agency,U.S. Environmental Protection Agency Region 5,1,03/29/2017
Environmental Protection Agency,U.S. Environmental Protection Agency Region 6,6,03/29/2017
Environmental Protection Agency,U.S. Environmental Protection Agency Region 7,8,03/29/2017
Environmental Protection Agency,U.S. Environmental Protection Agency Region 9,1,03/29/2017
Environmental Protection Agency,U.S. EPA Office of Administration and Resource Management (OARM),1,03/17/2017
Environmental Protection Agency,U.S. EPA Office of Air and Radiation (OAR) – Office of Air Quality Planning and Standards (OAQPS),43,03/15/2017
Environmental Protection Agency,U.S. EPA Office of Air and Radiation (OAR) – Office of Atmospheric Programs (OAP),36,03/15/2017
Environmental Protection Agency,U.S. EPA Office of Air and Radiation (OAR) – Office of Radiation and Indoor Air (ORIA),16,03/17/2017
Environmental Protection Agency,U.S. EPA Office of Air and Radiation (OAR) – Office of Transportation and Air Quality (OTAQ),10,03/14/2017
Environmental Protection Agency,U.S. EPA Office of Chemical Safety and Pollution Prevention (OCSPP),7,03/17/2017
Environmental Protection Agency,U.S. EPA Office of Chemical Safety and Pollution Prevention (OCSPP) – Office of Pesticide Programs (OPP),4,03/06/2017
Environmental Protection Agency,U.S. EPA Office of Chemical Safety and Pollution Prevention (OCSPP) – Office of Pollution Prevention and Toxics (OPPT),10,03/17/2017
Environmental Protection Agency,U.S. EPA Office of Enforcement and Compliance Assurance (OECA),8,03/06/2017
Environmental Protection Agency,U.S. EPA Office of Environmental Information (OEI),30,05/15/2017
Environmental Protection Agency,U.S. EPA Office of Environmental Information (OEI) – Office of Information Analysis and Access (OIAA),1,03/14/2017
Environmental Protection Agency,U.S. EPA Office of Environmental Information (OEI) – Office of Information Collection (OIC),1,03/14/2017
Environmental Protection Agency,U.S. EPA Office of General Counsel (OGC),3,11/08/2016
Environmental Protection Agency,U.S. EPA Office of Research and Development (ORD),330,05/20/2017
Environmental Protection Agency,U.S. EPA Office of Research and Development (ORD) – National Center for Computational Toxicology (NCCT),7,03/03/2017
Environmental Protection Agency,U.S. EPA Office of Research and Development (ORD) – National Center for Environmental Assessment (NCEA),3,03/03/2017
Environmental Protection Agency,U.S. EPA Office of Research and Development (ORD) – National Exposure Research Laboratory (NERL),2,03/03/2017
Environmental Protection Agency,U.S. EPA Office of Research and Development (ORD) – National Health and Environmental Effects Research Laboratory (NHEERL),1,03/03/2017
Environmental Protection Agency,U.S. EPA Office of Solid Waste and Emergency Response (OSWER),2,03/14/2017
Environmental Protection Agency,U.S. EPA Office of the Chief Financial Officer (OCFO),7,07/28/2016
Environmental Protection Agency,U.S. EPA Office of Water (OW),13,03/14/2017
Environmental Protection Agency,U.S. EPA Office of Water (OW) – Office of Ground Water and Drinking Water (OGWDW),13,03/03/2017
Environmental Protection Agency,U.S. EPA Office of Water (OW) – Office of Science and Technology (OST),5,03/03/2017
Environmental Protection Agency,U.S. EPA Office of Water (OW) – Office of Wastewater Management (OWM),6,03/03/2017
Environmental Protection Agency,U.S. EPA Office of Water (OW) – Office of Wetlands Oceans and Watersheds (OWOW),21,03/03/2017
Environmental Protection Agency,U.S. EPA Region 5 Water Division Water Quality Branch,1,08/11/2016
Environmental Protection Agency,US Environmental Protection Agency,2,05/20/2017
General Services Administration,General Services Administration,108,05/12/2017
General Services Administration,General Services Administration,96,05/12/2017
General Services Administration,Office of the Chief Technology Officer,1,12/03/2016
General Services Administration,Technology Transformation Service,11,12/01/2016
National Aeronautics and Space Administration,National Aeronautics and Space Administration,15379,10/22/2016
National Aeronautics and Space Administration,Aeronautics Research Mission Directorate,10,07/08/2015
National Aeronautics and Space Administration,Ames Research Center,36,08/24/2015
National Aeronautics and Space Administration,ASF,62,05/06/2016
National Aeronautics and Space Administration,Atmospheric Science Data Center,114,05/06/2016
National Aeronautics and Space Administration,AWS NEX,4,10/21/2016
National Aeronautics and Space Administration,CDDIS,35,05/06/2016
National Aeronautics and Space Administration,CDDIS-GSFC,1,05/06/2016
National Aeronautics and Space Administration,Center Independent Research & Development,36,07/08/2015
National Aeronautics and Space Administration,Center Innovation Fund,2,07/08/2015
National Aeronautics and Space Administration,Dashlink,644,10/22/2016
National Aeronautics and Space Administration,EOSDIS,3,11/25/2015
National Aeronautics and Space Administration,GESDISC,639,10/21/2016
National Aeronautics and Space Administration,GHRC,316,05/06/2016
National Aeronautics and Space Administration,GSFC,1,05/06/2016
National Aeronautics and Space Administration,Human Exploration and Operations Mission Directorate,43,07/08/2015
National Aeronautics and Space Administration,International Astronomical Union (IAU) Working Group for Planetary System Nomenclature (WGPSN),53,08/25/2015
National Aeronautics and Space Administration,JPL,1,08/25/2015
National Aeronautics and Space Administration,JSC,41,08/24/2015
National Aeronautics and Space Administration,LAADS,130,05/06/2016
National Aeronautics and Space Administration,LaRC,11,11/25/2015
National Aeronautics and Space Administration,LPDAAC,105,05/06/2016
National Aeronautics and Space Administration,Mission Support Directorate,11,12/01/2015
National Aeronautics and Space Administration,MODAPS,4,05/07/2016
National Aeronautics and Space Administration,N/A,176,12/01/2015
National Aeronautics and Space Administration,NASA HQ,48,08/25/2015
National Aeronautics and Space Administration,NASA/GSFC/SED/ESD/GCDC/GESDISC,1,05/06/2016
National Aeronautics and Space Administration,National Aeronautics and Space Administration,1775,10/21/2016
National Aeronautics and Space Administration,NSIDC,451,05/06/2016
National Aeronautics and Space Administration,OB.DAAC,1786,05/07/2016
National Aeronautics and Space Administration,OBPG,21,05/07/2016
National Aeronautics and Space Administration,OCIO,3,11/25/2015
National Aeronautics and Space Administration,Office of Safety and Mission Assurance,2,07/08/2015
National Aeronautics and Space Administration,Office of the Chief Information Officer,2,07/08/2015
National Aeronautics and Space Administration,Office of the Chief Technologist,22,07/08/2015
National Aeronautics and Space Administration,ORNL_DAAC,1111,10/20/2016
National Aeronautics and Space Administration,PO.DAAC,295,05/07/2016
National Aeronautics and Space Administration,Science Mission Directorate,158,07/09/2015
National Aeronautics and Space Administration,SEDAC,189,10/20/2016
National Aeronautics and Space Administration,Space Technology Mission Directorate,7036,12/01/2015
National Aeronautics and Space Administration,Systems Review Office,1,07/08/2015
National Archives and Records Administration,National Archives and Records Administration,48,05/28/2016
National Archives and Records Administration,National Archives and Records Administration,39,05/28/2016
National Archives and Records Administration,Office of Innovation,1,10/23/2015
National Archives and Records Administration,Office of the Federal Register,8,05/28/2016
National Science Foundation,National Science Foundation,92,04/08/2017
National Science Foundation,National Science Foundation,90,04/08/2017
National Science Foundation,Office of Management and Budget,1,08/16/2016
National Science Foundation,USASpending.gov,1,11/21/2015
Nuclear Regulatory Commission,Nuclear Regulatory Commission,31,02/10/2017
Nuclear Regulatory Commission,Nuclear Regulatory Commission,30,02/10/2017
Nuclear Regulatory Commission,U.S Nuclear Regulatory Commission,1,02/10/2017
Office of Personnel Management,Office of Personnel Management,186,09/12/2015
Office of Personnel Management,U.S. Office of Personnel Management,186,09/12/2015
Small Business Administration,Small Business Administration,74,02/27/2017
Small Business Administration,U.S. Small Business Administration,74,02/27/2017
Social Security Administration,Social Security Administration,961,04/28/2017
Social Security Administration,Department/Agency level/No publisher,7,04/01/2017
Social Security Administration,Social Security Administration,954,04/28/2017
US Agency for International Development,US Agency for International Development,179,05/17/2017
US Agency for International Development,USAID,179,05/17/2017
Commodity Futures Trading Commission,Commodity Futures Trading Commission,3,01/12/2014
Consumer Financial Protection Bureau,Consumer Financial Protection Bureau,2,09/26/2015
Consumer Financial Protection Bureau,Consumer Financial Protection Bureau,2,09/26/2015
Corporation for National and Community Service,Corporation for National and Community Service,3,01/12/2014
Court Services and Offender Supervision Agency,Court Services and Offender Supervision Agency,1,01/12/2014
Election Assistance Commission,Election Assistance Commission,6,01/12/2014
Executive Office of the President,Executive Office of the President,149,01/12/2014
Executive Office of the President,Council on Environmental Quality,101,01/12/2014
Executive Office of the President,Department/Agency level/No publisher,20,01/12/2014
Executive Office of the President,Office of National Drug Control Policy,1,01/12/2014
Executive Office of the President,Office of Science and Technology Policy,6,01/12/2014
Executive Office of the President,US Trade Representative,17,01/12/2014
Executive Office of the President,White House,4,01/12/2014
Federal Communications Commission,Federal Communications Commission,8,05/19/2017
Federal Communications Commission,opendata.fcc.gov,8,05/19/2017
Federal Deposit Insurance Corporation,Federal Deposit Insurance Corporation,3,01/12/2014
Federal Election Commission,Federal Election Commission,4,01/12/2014
Federal Housing Finance Agency,Federal Housing Finance Agency,2,05/29/2014
Federal Housing Finance Agency,Federal Housing Finance Agency,2,05/29/2014
Federal Reserve Board,Federal Reserve Board,5,01/12/2014
Federal Trade Commission,Federal Trade Commission,6,05/20/2014
Institute of Museum and Library Services,Institute of Museum and Library Services,78,02/10/2017
Institute of Museum and Library Services,data.imls.gov,78,02/10/2017
Merit Systems Protection Board,Merit Systems Protection Board,3,01/12/2014
Millenium Challenge Corporation,Millenium Challenge Corporation,130,05/19/2017
Millenium Challenge Corporation,MCC,4,10/16/2016
Millenium Challenge Corporation,Millennium Challenge Corporation,126,05/19/2017
National Capital Planning Commission,National Capital Planning Commission,4,10/09/2014
National Endowment for the Humanities,National Endowment for the Humanities,14,05/02/2017
National Endowment for the Humanities,NEH,14,05/02/2017
National Labor Relations Board,National Labor Relations Board,56,01/12/2014
National Transportation Safety Board,National Transportation Safety Board,24,12/17/2015
National Transportation Safety Board,National Transportation Safety Board,24,12/17/2015
Occupational Safety and Health Review Commission,Occupational Safety and Health Review Commission,3,01/12/2014
Office of Navajo and Hopi Indian Relocation,Office of Navajo and Hopi Indian Relocation,4,01/12/2014
Overseas Private Investment Corporation,Overseas Private Investment Corporation,3,01/12/2014
Pension Benefit Guaranty Corporation,Pension Benefit Guaranty Corporation,15,02/24/2017
Pension Benefit Guaranty Corporation,Department of Justice,1,02/23/2017
Pension Benefit Guaranty Corporation,PBGC,1,02/23/2017
Pension Benefit Guaranty Corporation,Pension Benefit Guaranty Corperation,1,02/23/2017
Pension Benefit Guaranty Corporation,Pension Benefit Guaranty Corporation,12,02/24/2017
Railroad Retirement Board,Railroad Retirement Board,15,03/01/2017
Railroad Retirement Board,Railroad Retirement Board,15,03/01/2017
Securities and Exchange Commission,Securities and Exchange Commission,21,01/12/2014
Selective Service System,Selective Service System,9,01/12/2014
US Consumer Product Safety Commission,US Consumer Product Safety Commission,6,04/29/2016
US Consumer Product Safety Commission,U.S. Consumer Product Safety Commission,6,04/29/2016
US Equal Employment Opportunity Commission,US Equal Employment Opportunity Commission,104,09/20/2016
US Equal Employment Opportunity Commission,Department/Agency level/No publisher,2,09/13/2016
US Equal Employment Opportunity Commission,US Equal Employment Opportunity Commision,102,09/20/2016
US International Trade Commission,US International Trade Commission,3,11/06/2015
US International Trade Commission,Office of Tariff Affairs and Trade Agreements,1,11/06/2015
US International Trade Commission,Office of the Secretary,1,11/06/2015
US International Trade Commission,Office of Unfair Import Investigations,1,11/06/2015
US Office of the Special Counsel,US Office of the Special Counsel,3,01/12/2014
